{
  "weeks": {
    "2026-W21": {
      "week": "2026-W21",
      "total": 26,
      "cities": {
        "Torreón": {
          "total": 26,
          "tipos_m2": {
            "Edificio": {
              "sum": 418.33333333333337,
              "count": 3
            },
            "Terreno": {
              "sum": 4271.105527638191,
              "count": 2
            },
            "Oficina": {
              "sum": 11942.306172088782,
              "count": 7
            },
            "Bodega": {
              "sum": 11662.757369738252,
              "count": 6
            },
            "Local": {
              "sum": 11984.743589743592,
              "count": 7
            },
            "Casa": {
              "sum": 80.0,
              "count": 1
            }
          }
        }
      }
    },
    "2026-W22": {
      "week": "2026-W22",
      "total": 70,
      "cities": {
        "Torreón": {
          "total": 60,
          "tipos_m2": {
            "Bodega": {
              "sum": 31273.183755974303,
              "count": 21
            },
            "Terreno": {
              "sum": 21658.574550345696,
              "count": 8
            },
            "Local": {
              "sum": 23323.884675791614,
              "count": 18
            },
            "Oficina": {
              "sum": 330.9333333333334,
              "count": 5
            },
            "Edificio": {
              "sum": 20410.980392156864,
              "count": 4
            },
            "Consultorio": {
              "sum": 463.6363636363636,
              "count": 2
            },
            "Nave": {
              "sum": 6500.586025544703,
              "count": 2
            }
          }
        },
        "Gómez Palacio": {
          "total": 9,
          "tipos_m2": {
            "Edificio": {
              "sum": 5363.636363636364,
              "count": 1
            },
            "Bodega": {
              "sum": 30512.502679528403,
              "count": 4
            },
            "Nave": {
              "sum": 165.04587155963304,
              "count": 2
            },
            "Hotel": {
              "sum": 8000.0,
              "count": 1
            },
            "Casa": {
              "sum": 11422.018348623853,
              "count": 1
            }
          }
        },
        "Matamoros": {
          "total": 1,
          "tipos_m2": {
            "Terreno": {
              "sum": 475.0,
              "count": 1
            }
          }
        }
      }
    }
  }
}