{
  "weeks": {
    "2026-W21": {
      "week": "2026-W21",
      "total": 26,
      "cities": {
        "Torreón": {
          "total": 26,
          "tipos_m2": {
            "Edificio": {
              "sum": 418.33333333333337,
              "count": 3
            },
            "Terreno": {
              "sum": 4271.105527638191,
              "count": 2
            },
            "Oficina": {
              "sum": 11942.306172088782,
              "count": 7
            },
            "Bodega": {
              "sum": 11662.757369738252,
              "count": 6
            },
            "Local": {
              "sum": 11984.743589743592,
              "count": 7
            },
            "Casa": {
              "sum": 80.0,
              "count": 1
            }
          }
        }
      }
    },
    "2026-W22": {
      "week": "2026-W22",
      "total": 100,
      "cities": {
        "Torreón": {
          "total": 81,
          "tipos_m2": {
            "Bodega": {
              "sum": 31689.93098479542,
              "count": 26
            },
            "Terreno": {
              "sum": 21724.574550345696,
              "count": 9
            },
            "Local": {
              "sum": 24963.508434385963,
              "count": 27
            },
            "Oficina": {
              "sum": 16951.180306960658,
              "count": 10
            },
            "Edificio": {
              "sum": 20410.980392156864,
              "count": 4
            },
            "Consultorio": {
              "sum": 463.6363636363636,
              "count": 2
            },
            "Nave": {
              "sum": 6500.586025544703,
              "count": 2
            },
            "Casa": {
              "sum": 20000.0,
              "count": 1
            }
          }
        },
        "Gómez Palacio": {
          "total": 18,
          "tipos_m2": {
            "Edificio": {
              "sum": 5518.31071701748,
              "count": 3
            },
            "Bodega": {
              "sum": 30619.16934619507,
              "count": 6
            },
            "Nave": {
              "sum": 165.04587155963304,
              "count": 2
            },
            "Hotel": {
              "sum": 8000.0,
              "count": 1
            },
            "Casa": {
              "sum": 30310.907237512743,
              "count": 2
            },
            "Terreno": {
              "sum": 1836.2639994462518,
              "count": 2
            },
            "Local": {
              "sum": 170.0,
              "count": 2
            }
          }
        },
        "Matamoros": {
          "total": 1,
          "tipos_m2": {
            "Terreno": {
              "sum": 475.0,
              "count": 1
            }
          }
        }
      }
    }
  }
}