{
  "weeks": {
    "2026-W21": {
      "week": "2026-W21",
      "total": 26,
      "cities": {
        "Torreón": {
          "total": 26,
          "tipos_m2": {
            "Edificio": {
              "sum": 418.33333333333337,
              "count": 3
            },
            "Terreno": {
              "sum": 4271.105527638191,
              "count": 2
            },
            "Oficina": {
              "sum": 11942.306172088782,
              "count": 7
            },
            "Bodega": {
              "sum": 11662.757369738252,
              "count": 6
            },
            "Local": {
              "sum": 11984.743589743592,
              "count": 7
            },
            "Casa": {
              "sum": 80.0,
              "count": 1
            }
          }
        }
      }
    },
    "2026-W22": {
      "week": "2026-W22",
      "total": 51,
      "cities": {
        "Torreón": {
          "total": 44,
          "tipos_m2": {
            "Bodega": {
              "sum": 30918.644803138304,
              "count": 17
            },
            "Terreno": {
              "sum": 13831.29669888681,
              "count": 5
            },
            "Local": {
              "sum": 22417.05346248437,
              "count": 14
            },
            "Oficina": {
              "sum": 163.33333333333334,
              "count": 2
            },
            "Edificio": {
              "sum": 13393.333333333334,
              "count": 2
            },
            "Consultorio": {
              "sum": 463.6363636363636,
              "count": 2
            },
            "Nave": {
              "sum": 6500.586025544703,
              "count": 2
            }
          }
        },
        "Gómez Palacio": {
          "total": 6,
          "tipos_m2": {
            "Edificio": {
              "sum": 5363.636363636364,
              "count": 1
            },
            "Bodega": {
              "sum": 4420.836012861736,
              "count": 2
            },
            "Nave": {
              "sum": 165.04587155963304,
              "count": 2
            },
            "Hotel": {
              "sum": 8000.0,
              "count": 1
            }
          }
        },
        "Matamoros": {
          "total": 1,
          "tipos_m2": {
            "Terreno": {
              "sum": 475.0,
              "count": 1
            }
          }
        }
      }
    }
  }
}