{
  "weeks": {
    "2026-W21": {
      "week": "2026-W21",
      "total": 26,
      "cities": {
        "Torreón": {
          "total": 26,
          "tipos_m2": {
            "Edificio": {
              "sum": 418.33333333333337,
              "count": 3
            },
            "Terreno": {
              "sum": 4271.105527638191,
              "count": 2
            },
            "Oficina": {
              "sum": 11942.306172088782,
              "count": 7
            },
            "Bodega": {
              "sum": 11662.757369738252,
              "count": 6
            },
            "Local": {
              "sum": 11984.743589743592,
              "count": 7
            },
            "Casa": {
              "sum": 80.0,
              "count": 1
            }
          }
        }
      }
    },
    "2026-W22": {
      "week": "2026-W22",
      "total": 163,
      "cities": {
        "Torreón": {
          "total": 131,
          "tipos_m2": {
            "Bodega": {
              "sum": 32930.608370665934,
              "count": 42
            },
            "Terreno": {
              "sum": 53486.71121081145,
              "count": 24
            },
            "Local": {
              "sum": 26185.074846735442,
              "count": 35
            },
            "Oficina": {
              "sum": 35483.07151872992,
              "count": 14
            },
            "Edificio": {
              "sum": 20410.980392156864,
              "count": 4
            },
            "Consultorio": {
              "sum": 68025.35619720086,
              "count": 4
            },
            "Nave": {
              "sum": 6780.770137213809,
              "count": 6
            },
            "Casa": {
              "sum": 20000.0,
              "count": 1
            },
            "Finca-Rancho": {
              "sum": 2462.380300957592,
              "count": 1
            }
          }
        },
        "Gómez Palacio": {
          "total": 28,
          "tipos_m2": {
            "Edificio": {
              "sum": 5518.31071701748,
              "count": 3
            },
            "Bodega": {
              "sum": 30834.702899550404,
              "count": 9
            },
            "Nave": {
              "sum": 314.2394199467298,
              "count": 4
            },
            "Hotel": {
              "sum": 8000.0,
              "count": 1
            },
            "Casa": {
              "sum": 43395.01938704545,
              "count": 3
            },
            "Terreno": {
              "sum": 3929.597332779585,
              "count": 4
            },
            "Local": {
              "sum": 243.17682317682318,
              "count": 4
            }
          }
        },
        "Matamoros": {
          "total": 4,
          "tipos_m2": {
            "Terreno": {
              "sum": 595.0,
              "count": 2
            },
            "Local": {
              "sum": 125.0,
              "count": 1
            },
            "Nave": {
              "sum": 7826.086956521739,
              "count": 1
            }
          }
        }
      }
    }
  }
}