{
  "weeks": {
    "2026-W21": {
      "week": "2026-W21",
      "total": 25,
      "cities": {
        "Torreón": {
          "total": 25,
          "tipos_m2": {
            "Edificio": {
              "sum": 418.33333333333337,
              "count": 3
            },
            "Terreno": {
              "sum": 4271.105527638191,
              "count": 2
            },
            "Oficina": {
              "sum": 11942.306172088782,
              "count": 7
            },
            "Bodega": {
              "sum": 11662.757369738252,
              "count": 6
            },
            "Local": {
              "sum": 11924.743589743592,
              "count": 6
            },
            "Casa": {
              "sum": 80.0,
              "count": 1
            }
          }
        }
      }
    },
    "2026-W22": {
      "week": "2026-W22",
      "total": 30,
      "cities": {
        "Torreón": {
          "total": 26,
          "tipos_m2": {
            "Bodega": {
              "sum": 4263.710339133975,
              "count": 9
            },
            "Terreno": {
              "sum": 9007.140393380594,
              "count": 3
            },
            "Local": {
              "sum": 1290.0410284463894,
              "count": 9
            },
            "Oficina": {
              "sum": 140.0,
              "count": 1
            },
            "Edificio": {
              "sum": 13393.333333333334,
              "count": 2
            },
            "Consultorio": {
              "sum": 363.6363636363636,
              "count": 1
            },
            "Nave": {
              "sum": 75.13148009015778,
              "count": 1
            }
          }
        },
        "Gómez Palacio": {
          "total": 3,
          "tipos_m2": {
            "Edificio": {
              "sum": 5363.636363636364,
              "count": 1
            },
            "Bodega": {
              "sum": 80.0,
              "count": 1
            },
            "Nave": {
              "sum": 80.0,
              "count": 1
            }
          }
        },
        "Matamoros": {
          "total": 1,
          "tipos_m2": {
            "Terreno": {
              "sum": 475.0,
              "count": 1
            }
          }
        }
      }
    }
  }
}