{
  "weeks": {
    "2026-W21": {
      "week": "2026-W21",
      "total": 14,
      "cities": {
        "Torreón": {
          "total": 14,
          "tipos_m2": {
            "Edificio": {
              "sum": 418.33333333333337,
              "count": 3
            },
            "Terreno": {
              "sum": 4271.105527638191,
              "count": 2
            },
            "Oficina": {
              "sum": 11348.076923076924,
              "count": 2
            },
            "Bodega": {
              "sum": 11590.757369738252,
              "count": 5
            },
            "Local": {
              "sum": 11381.410256410258,
              "count": 2
            }
          }
        }
      }
    }
  }
}